{
    "01": {
        "Name": "North America",
        "Latitude": 57.966164,
        "Longitude": -115.817525
    },
    "02": {
        "Name": "Australia",
        "Latitude": -25.274399,
        "Longitude": 133.775131
    },
    "03": {
        "Name": "England",
        "Latitude": 52.355518,
        "Longitude": -1.174320
    }
}